family,measure_a,measure_b,n,valid,statistic,p_raw,p_holm,delta_mean,delta_median,rank_biserial,note
single_accuracy_rank,Absolute Central Moment 2,Absolute Central Moment 4,5,True,3.0,0.3125,1.0,2.8,5.0,0.6,
single_accuracy_rank,Absolute Central Moment 2,Brenner Gradient,5,True,1.0,0.125,1.0,-10.1,-10.0,-0.8666666666666667,
single_accuracy_rank,Absolute Central Moment 2,Curvelet Transform Sharpness Index,5,True,7.0,1.0,1.0,0.1,-5.5,-0.06666666666666667,
single_accuracy_rank,Absolute Central Moment 2,DCT Focus Measure,5,True,3.5,0.625,1.0,-3.9,-9.5,-0.3,
single_accuracy_rank,Absolute Central Moment 2,Energy of Gradient,5,True,1.0,0.125,1.0,-9.5,-10.0,-0.8666666666666667,
single_accuracy_rank,Absolute Central Moment 2,Fourier High Frequency Energy Ratio,5,True,3.0,0.3125,1.0,4.1,2.5,0.6,
single_accuracy_rank,Absolute Central Moment 2,Fourier Transform Sharpness Index,5,True,1.0,0.125,1.0,-11.7,-17.0,-0.8666666666666667,
single_accuracy_rank,Absolute Central Moment 2,GLCM Contrast,5,True,4.0,0.4375,1.0,5.6,3.5,0.4666666666666667,
single_accuracy_rank,Absolute Central Moment 2,Gradient Squared Energy,5,True,0.0,0.0625,1.0,-11.9,-10.0,-1.0,
single_accuracy_rank,Absolute Central Moment 2,Histogram Entropy,5,True,1.0,0.125,1.0,6.9,9.0,0.8666666666666667,
single_accuracy_rank,Absolute Central Moment 2,Image Power,5,True,0.0,0.0625,1.0,8.0,4.5,1.0,
single_accuracy_rank,Absolute Central Moment 2,Intensity Range Index,5,True,2.0,0.1875,1.0,4.9,6.0,0.7333333333333333,
single_accuracy_rank,Absolute Central Moment 2,Intensity Skewness Index,5,True,0.0,0.0625,1.0,14.5,12.5,1.0,
single_accuracy_rank,Absolute Central Moment 2,Intensity Variance,5,False,nan,nan,nan,0.0,0.0,nan,Too few non-zero paired differences for Wilcoxon.
single_accuracy_rank,Absolute Central Moment 2,Laplacian Energy,5,True,6.0,0.8125,1.0,2.8,9.5,0.2,
single_accuracy_rank,Absolute Central Moment 2,Maximal Intensity,5,True,2.0,0.1875,1.0,5.3,7.0,0.7333333333333333,
single_accuracy_rank,Absolute Central Moment 2,Mean Absolute Laplacian,5,True,3.5,0.4375,1.0,6.9,7.5,0.5333333333333333,
single_accuracy_rank,Absolute Central Moment 2,Mean Intensity,5,True,0.0,0.0625,1.0,11.7,8.0,1.0,
single_accuracy_rank,Absolute Central Moment 2,Modified Tenengrad,5,True,0.0,0.0625,1.0,-11.6,-10.0,-1.0,
single_accuracy_rank,Absolute Central Moment 2,Normalized Variance,5,True,0.0,0.25,1.0,2.7,1.5,1.0,
single_accuracy_rank,Absolute Central Moment 2,Roberts Focus Measure,5,True,2.0,0.375,1.0,-7.2,-10.0,-0.6,
single_accuracy_rank,Absolute Central Moment 2,Spatial Frequency,5,True,3.0,0.3125,1.0,-7.0,-15.5,-0.6,
single_accuracy_rank,Absolute Central Moment 2,Squared Gradient,5,True,0.0,0.0625,1.0,-11.9,-10.0,-1.0,
single_accuracy_rank,Absolute Central Moment 2,Sum Modified Laplacian,5,True,6.0,0.8125,1.0,2.6,8.5,0.2,
single_accuracy_rank,Absolute Central Moment 2,Tenengrad,5,True,1.0,0.125,1.0,-9.5,-10.0,-0.8666666666666667,
single_accuracy_rank,Absolute Central Moment 2,Variance of Gradient,5,True,0.0,0.0625,1.0,-7.6,-6.5,-1.0,
single_accuracy_rank,Absolute Central Moment 2,Variance of Laplacian,5,True,6.0,0.8125,1.0,3.4,10.5,0.2,
single_accuracy_rank,Absolute Central Moment 2,Wavelet Detail Energy (db1),5,True,7.0,1.0,1.0,0.1,-5.5,-0.06666666666666667,
single_accuracy_rank,Absolute Central Moment 2,Wavelet W1,5,True,7.0,1.0,1.0,0.1,-5.5,-0.06666666666666667,
single_accuracy_rank,Absolute Central Moment 2,Wavelet W2,5,True,7.0,1.0,1.0,0.1,-5.5,-0.06666666666666667,
single_accuracy_rank,Absolute Central Moment 2,Wavelet W3,5,True,7.0,1.0,1.0,0.1,-5.5,-0.06666666666666667,
single_accuracy_rank,Absolute Central Moment 4,Brenner Gradient,5,True,0.0,0.125,1.0,-12.9,-15.0,-1.0,
single_accuracy_rank,Absolute Central Moment 4,Curvelet Transform Sharpness Index,5,True,4.0,0.875,1.0,-2.7,-4.0,-0.2,
single_accuracy_rank,Absolute Central Moment 4,DCT Focus Measure,5,True,1.0,0.125,1.0,-6.7,-8.0,-0.8666666666666667,
single_accuracy_rank,Absolute Central Moment 4,Energy of Gradient,5,True,0.0,0.0625,1.0,-12.3,-13.5,-1.0,
single_accuracy_rank,Absolute Central Moment 4,Fourier High Frequency Energy Ratio,5,True,5.0,0.625,1.0,1.3,4.0,0.3333333333333333,
single_accuracy_rank,Absolute Central Moment 4,Fourier Transform Sharpness Index,5,True,0.0,0.0625,1.0,-14.5,-15.5,-1.0,
single_accuracy_rank,Absolute Central Moment 4,GLCM Contrast,5,True,6.0,0.8125,1.0,2.8,-1.0,0.2,
single_accuracy_rank,Absolute Central Moment 4,Gradient Squared Energy,5,True,0.0,0.0625,1.0,-14.7,-13.5,-1.0,
single_accuracy_rank,Absolute Central Moment 4,Histogram Entropy,5,True,1.0,0.25,1.0,4.1,4.0,0.8,
single_accuracy_rank,Absolute Central Moment 4,Image Power,5,True,1.0,0.125,1.0,5.2,5.5,0.8666666666666667,
single_accuracy_rank,Absolute Central Moment 4,Intensity Range Index,5,True,2.0,0.1875,1.0,2.1,3.0,0.7333333333333333,
single_accuracy_rank,Absolute Central Moment 4,Intensity Skewness Index,5,True,0.0,0.0625,1.0,11.7,13.0,1.0,
single_accuracy_rank,Absolute Central Moment 4,Intensity Variance,5,True,3.0,0.3125,1.0,-2.8,-5.0,-0.6,
single_accuracy_rank,Absolute Central Moment 4,Laplacian Energy,5,True,6.0,0.8125,1.0,0.0,8.0,0.2,
single_accuracy_rank,Absolute Central Moment 4,Maximal Intensity,5,True,3.0,0.3125,1.0,2.5,2.5,0.6,
single_accuracy_rank,Absolute Central Moment 4,Mean Absolute Laplacian,5,True,3.0,0.3125,1.0,4.1,9.0,0.6,
single_accuracy_rank,Absolute Central Moment 4,Mean Intensity,5,True,0.0,0.0625,1.0,8.9,8.0,1.0,
single_accuracy_rank,Absolute Central Moment 4,Modified Tenengrad,5,True,0.0,0.0625,1.0,-14.4,-13.5,-1.0,
single_accuracy_rank,Absolute Central Moment 4,Normalized Variance,5,True,7.5,1.0,1.0,-0.1,1.5,0.0,
single_accuracy_rank,Absolute Central Moment 4,Roberts Focus Measure,5,True,2.0,0.1875,1.0,-10.0,-15.0,-0.7333333333333333,
single_accuracy_rank,Absolute Central Moment 4,Spatial Frequency,5,True,2.0,0.1875,1.0,-9.8,-14.0,-0.7333333333333333,
single_accuracy_rank,Absolute Central Moment 4,Squared Gradient,5,True,0.0,0.0625,1.0,-14.7,-13.5,-1.0,
single_accuracy_rank,Absolute Central Moment 4,Sum Modified Laplacian,5,True,6.0,0.8125,1.0,-0.2,8.0,0.2,
single_accuracy_rank,Absolute Central Moment 4,Tenengrad,5,True,0.0,0.0625,1.0,-12.3,-13.5,-1.0,
single_accuracy_rank,Absolute Central Moment 4,Variance of Gradient,5,True,0.0,0.0625,1.0,-10.4,-8.0,-1.0,
single_accuracy_rank,Absolute Central Moment 4,Variance of Laplacian,5,True,6.0,0.8125,1.0,0.6,8.0,0.2,
single_accuracy_rank,Absolute Central Moment 4,Wavelet Detail Energy (db1),5,True,4.0,0.875,1.0,-2.7,-4.0,-0.2,
single_accuracy_rank,Absolute Central Moment 4,Wavelet W1,5,True,4.0,0.875,1.0,-2.7,-4.0,-0.2,
single_accuracy_rank,Absolute Central Moment 4,Wavelet W2,5,True,4.0,0.875,1.0,-2.7,-4.0,-0.2,
single_accuracy_rank,Absolute Central Moment 4,Wavelet W3,5,True,4.0,0.875,1.0,-2.7,-4.0,-0.2,
single_accuracy_rank,Brenner Gradient,Curvelet Transform Sharpness Index,5,True,0.0,0.125,1.0,10.2,13.0,1.0,
single_accuracy_rank,Brenner Gradient,DCT Focus Measure,5,True,0.0,0.125,1.0,6.2,6.5,1.0,
single_accuracy_rank,Brenner Gradient,Energy of Gradient,5,True,3.0,1.0,1.0,0.6,0.0,0.0,
single_accuracy_rank,Brenner Gradient,Fourier High Frequency Energy Ratio,5,True,0.0,0.0625,1.0,14.2,12.0,1.0,
single_accuracy_rank,Brenner Gradient,Fourier Transform Sharpness Index,5,True,3.5,0.625,1.0,-1.6,0.0,-0.3,
single_accuracy_rank,Brenner Gradient,GLCM Contrast,5,True,0.0,0.0625,1.0,15.7,15.5,1.0,
single_accuracy_rank,Brenner Gradient,Gradient Squared Energy,5,True,1.0,0.5,1.0,-1.8,0.0,-0.6666666666666666,
single_accuracy_rank,Brenner Gradient,Histogram Entropy,5,True,0.0,0.0625,1.0,17.0,18.0,1.0,
single_accuracy_rank,Brenner Gradient,Image Power,5,True,0.0,0.0625,1.0,18.1,23.0,1.0,
single_accuracy_rank,Brenner Gradient,Intensity Range Index,5,True,0.0,0.0625,1.0,15.0,17.0,1.0,
single_accuracy_rank,Brenner Gradient,Intensity Skewness Index,5,True,0.0,0.0625,1.0,24.6,24.0,1.0,
single_accuracy_rank,Brenner Gradient,Intensity Variance,5,True,1.0,0.125,1.0,10.1,10.0,0.8666666666666667,
single_accuracy_rank,Brenner Gradient,Laplacian Energy,5,True,1.0,0.125,1.0,12.9,12.0,0.8666666666666667,
single_accuracy_rank,Brenner Gradient,Maximal Intensity,5,True,0.0,0.0625,1.0,15.4,17.0,1.0,
single_accuracy_rank,Brenner Gradient,Mean Absolute Laplacian,5,True,0.0,0.0625,1.0,17.0,14.5,1.0,
single_accuracy_rank,Brenner Gradient,Mean Intensity,5,True,0.0,0.0625,1.0,21.8,25.0,1.0,
single_accuracy_rank,Brenner Gradient,Modified Tenengrad,5,True,2.0,0.75,1.0,-1.5,0.0,-0.3333333333333333,
single_accuracy_rank,Brenner Gradient,Normalized Variance,5,True,0.0,0.0625,1.0,12.8,10.0,1.0,
single_accuracy_rank,Brenner Gradient,Roberts Focus Measure,5,True,1.0,0.25,1.0,2.9,1.5,0.8,
single_accuracy_rank,Brenner Gradient,Spatial Frequency,5,True,3.5,0.4375,1.0,3.1,3.0,0.5333333333333333,
single_accuracy_rank,Brenner Gradient,Squared Gradient,5,True,1.0,0.5,1.0,-1.8,0.0,-0.6666666666666666,
single_accuracy_rank,Brenner Gradient,Sum Modified Laplacian,5,True,1.5,0.1875,1.0,12.7,15.0,0.8,
single_accuracy_rank,Brenner Gradient,Tenengrad,5,True,3.0,1.0,1.0,0.6,0.0,0.0,
single_accuracy_rank,Brenner Gradient,Variance of Gradient,5,True,2.0,0.375,1.0,2.5,2.0,0.6,
single_accuracy_rank,Brenner Gradient,Variance of Laplacian,5,True,1.0,0.125,1.0,13.5,14.0,0.8666666666666667,
single_accuracy_rank,Brenner Gradient,Wavelet Detail Energy (db1),5,True,0.0,0.125,1.0,10.2,13.0,1.0,
single_accuracy_rank,Brenner Gradient,Wavelet W1,5,True,0.0,0.125,1.0,10.2,13.0,1.0,
single_accuracy_rank,Brenner Gradient,Wavelet W2,5,True,0.0,0.125,1.0,10.2,13.0,1.0,
single_accuracy_rank,Brenner Gradient,Wavelet W3,5,True,0.0,0.125,1.0,10.2,13.0,1.0,
single_accuracy_rank,Curvelet Transform Sharpness Index,DCT Focus Measure,5,True,1.0,0.25,1.0,-4.0,-6.0,-0.8,
single_accuracy_rank,Curvelet Transform Sharpness Index,Energy of Gradient,5,True,0.0,0.125,1.0,-9.6,-8.5,-1.0,
single_accuracy_rank,Curvelet Transform Sharpness Index,Fourier High Frequency Energy Ratio,5,True,3.5,0.4375,1.0,4.0,4.0,0.5333333333333333,
single_accuracy_rank,Curvelet Transform Sharpness Index,Fourier Transform Sharpness Index,5,True,0.0,0.0625,1.0,-11.8,-11.5,-1.0,
single_accuracy_rank,Curvelet Transform Sharpness Index,GLCM Contrast,5,True,2.0,0.1875,1.0,5.5,3.0,0.7333333333333333,
single_accuracy_rank,Curvelet Transform Sharpness Index,Gradient Squared Energy,5,True,0.0,0.125,1.0,-12.0,-11.5,-1.0,
single_accuracy_rank,Curvelet Transform Sharpness Index,Histogram Entropy,5,True,2.0,0.375,1.0,6.8,12.0,0.6,
single_accuracy_rank,Curvelet Transform Sharpness Index,Image Power,5,True,3.0,0.3125,1.0,7.9,12.0,0.6,
single_accuracy_rank,Curvelet Transform Sharpness Index,Intensity Range Index,5,True,4.0,0.4375,1.0,4.8,7.0,0.4666666666666667,
single_accuracy_rank,Curvelet Transform Sharpness Index,Intensity Skewness Index,5,True,0.0,0.0625,1.0,14.4,18.0,1.0,
single_accuracy_rank,Curvelet Transform Sharpness Index,Intensity Variance,5,True,7.0,1.0,1.0,-0.1,5.5,0.06666666666666667,
single_accuracy_rank,Curvelet Transform Sharpness Index,Laplacian Energy,5,True,6.0,0.8125,1.0,2.7,6.0,0.2,
single_accuracy_rank,Curvelet Transform Sharpness Index,Maximal Intensity,5,True,4.0,0.4375,1.0,5.2,9.0,0.4666666666666667,
single_accuracy_rank,Curvelet Transform Sharpness Index,Mean Absolute Laplacian,5,True,1.0,0.125,1.0,6.8,8.0,0.8666666666666667,
single_accuracy_rank,Curvelet Transform Sharpness Index,Mean Intensity,5,True,1.0,0.125,1.0,11.6,14.0,0.8666666666666667,
single_accuracy_rank,Curvelet Transform Sharpness Index,Modified Tenengrad,5,True,0.0,0.125,1.0,-11.7,-10.0,-1.0,
single_accuracy_rank,Curvelet Transform Sharpness Index,Normalized Variance,5,True,6.0,0.8125,1.0,2.6,10.0,0.2,
single_accuracy_rank,Curvelet Transform Sharpness Index,Roberts Focus Measure,5,True,0.0,0.125,1.0,-7.3,-7.0,-1.0,
single_accuracy_rank,Curvelet Transform Sharpness Index,Spatial Frequency,5,True,0.0,0.0625,1.0,-7.1,-9.0,-1.0,
single_accuracy_rank,Curvelet Transform Sharpness Index,Squared Gradient,5,True,0.0,0.125,1.0,-12.0,-11.5,-1.0,
single_accuracy_rank,Curvelet Transform Sharpness Index,Sum Modified Laplacian,5,True,6.5,1.0,1.0,2.5,8.0,0.13333333333333333,
single_accuracy_rank,Curvelet Transform Sharpness Index,Tenengrad,5,True,0.0,0.125,1.0,-9.6,-8.5,-1.0,
single_accuracy_rank,Curvelet Transform Sharpness Index,Variance of Gradient,5,True,3.0,0.3125,1.0,-7.7,-4.0,-0.6,
single_accuracy_rank,Curvelet Transform Sharpness Index,Variance of Laplacian,5,True,5.0,0.625,1.0,3.3,8.0,0.3333333333333333,
single_accuracy_rank,Curvelet Transform Sharpness Index,Wavelet Detail Energy (db1),5,False,nan,nan,nan,0.0,0.0,nan,Too few non-zero paired differences for Wilcoxon.
single_accuracy_rank,Curvelet Transform Sharpness Index,Wavelet W1,5,False,nan,nan,nan,0.0,0.0,nan,Too few non-zero paired differences for Wilcoxon.
single_accuracy_rank,Curvelet Transform Sharpness Index,Wavelet W2,5,False,nan,nan,nan,0.0,0.0,nan,Too few non-zero paired differences for Wilcoxon.
single_accuracy_rank,Curvelet Transform Sharpness Index,Wavelet W3,5,False,nan,nan,nan,0.0,0.0,nan,Too few non-zero paired differences for Wilcoxon.
single_accuracy_rank,DCT Focus Measure,Energy of Gradient,5,True,1.0,0.25,1.0,-5.6,-6.5,-0.8,
single_accuracy_rank,DCT Focus Measure,Fourier High Frequency Energy Ratio,5,True,1.0,0.125,1.0,8.0,11.0,0.8666666666666667,
single_accuracy_rank,DCT Focus Measure,Fourier Transform Sharpness Index,5,True,0.0,0.0625,1.0,-7.8,-8.0,-1.0,
single_accuracy_rank,DCT Focus Measure,GLCM Contrast,5,True,1.0,0.125,1.0,9.5,9.0,0.8666666666666667,
single_accuracy_rank,DCT Focus Measure,Gradient Squared Energy,5,True,0.0,0.125,1.0,-8.0,-6.5,-1.0,
single_accuracy_rank,DCT Focus Measure,Histogram Entropy,5,True,1.0,0.125,1.0,10.8,7.0,0.8666666666666667,
single_accuracy_rank,DCT Focus Measure,Image Power,5,True,1.0,0.125,1.0,11.9,13.5,0.8666666666666667,
single_accuracy_rank,DCT Focus Measure,Intensity Range Index,5,True,1.0,0.125,1.0,8.8,12.0,0.8666666666666667,
single_accuracy_rank,DCT Focus Measure,Intensity Skewness Index,5,True,0.0,0.0625,1.0,18.4,20.0,1.0,
single_accuracy_rank,DCT Focus Measure,Intensity Variance,5,True,3.5,0.875,1.0,3.9,9.5,0.3,
single_accuracy_rank,DCT Focus Measure,Laplacian Energy,5,True,3.0,0.3125,1.0,6.7,5.5,0.6,
single_accuracy_rank,DCT Focus Measure,Maximal Intensity,5,True,1.0,0.125,1.0,9.2,13.0,0.8666666666666667,
single_accuracy_rank,DCT Focus Measure,Mean Absolute Laplacian,5,True,0.0,0.0625,1.0,10.8,8.0,1.0,
single_accuracy_rank,DCT Focus Measure,Mean Intensity,5,True,0.0,0.0625,1.0,15.6,18.0,1.0,
single_accuracy_rank,DCT Focus Measure,Modified Tenengrad,5,True,0.0,0.125,1.0,-7.7,-6.5,-1.0,
single_accuracy_rank,DCT Focus Measure,Normalized Variance,5,True,1.0,0.25,1.0,6.6,10.0,0.8,
single_accuracy_rank,DCT Focus Measure,Roberts Focus Measure,5,True,1.0,0.5,1.0,-3.3,0.0,-0.6666666666666666,
single_accuracy_rank,DCT Focus Measure,Spatial Frequency,5,True,3.0,0.3125,1.0,-3.1,-4.0,-0.6,
single_accuracy_rank,DCT Focus Measure,Squared Gradient,5,True,0.0,0.125,1.0,-8.0,-6.5,-1.0,
single_accuracy_rank,DCT Focus Measure,Sum Modified Laplacian,5,True,3.0,0.3125,1.0,6.5,4.0,0.6,
single_accuracy_rank,DCT Focus Measure,Tenengrad,5,True,1.0,0.25,1.0,-5.6,-6.5,-0.8,
single_accuracy_rank,DCT Focus Measure,Variance of Gradient,5,True,4.0,0.4375,1.0,-3.7,-6.5,-0.4666666666666667,
single_accuracy_rank,DCT Focus Measure,Variance of Laplacian,5,True,3.0,0.3125,1.0,7.3,5.5,0.6,
single_accuracy_rank,DCT Focus Measure,Wavelet Detail Energy (db1),5,True,1.0,0.25,1.0,4.0,6.0,0.8,
single_accuracy_rank,DCT Focus Measure,Wavelet W1,5,True,1.0,0.25,1.0,4.0,6.0,0.8,
single_accuracy_rank,DCT Focus Measure,Wavelet W2,5,True,1.0,0.25,1.0,4.0,6.0,0.8,
single_accuracy_rank,DCT Focus Measure,Wavelet W3,5,True,1.0,0.25,1.0,4.0,6.0,0.8,
single_accuracy_rank,Energy of Gradient,Fourier High Frequency Energy Ratio,5,True,0.0,0.0625,1.0,13.6,12.5,1.0,
single_accuracy_rank,Energy of Gradient,Fourier Transform Sharpness Index,5,True,3.0,0.625,1.0,-2.2,0.0,-0.4,
single_accuracy_rank,Energy of Gradient,GLCM Contrast,5,True,0.0,0.0625,1.0,15.1,13.5,1.0,
single_accuracy_rank,Energy of Gradient,Gradient Squared Energy,5,True,0.0,0.25,1.0,-2.4,-3.0,-1.0,
single_accuracy_rank,Energy of Gradient,Histogram Entropy,5,True,0.0,0.0625,1.0,16.4,19.0,1.0,
single_accuracy_rank,Energy of Gradient,Image Power,5,True,0.0,0.0625,1.0,17.5,14.5,1.0,
single_accuracy_rank,Energy of Gradient,Intensity Range Index,5,True,0.0,0.0625,1.0,14.4,16.0,1.0,
single_accuracy_rank,Energy of Gradient,Intensity Skewness Index,5,True,0.0,0.0625,1.0,24.0,24.5,1.0,
single_accuracy_rank,Energy of Gradient,Intensity Variance,5,True,1.0,0.125,1.0,9.5,10.0,0.8666666666666667,
single_accuracy_rank,Energy of Gradient,Laplacian Energy,5,True,1.0,0.125,1.0,12.3,15.0,0.8666666666666667,
single_accuracy_rank,Energy of Gradient,Maximal Intensity,5,True,0.0,0.0625,1.0,14.8,17.0,1.0,
single_accuracy_rank,Energy of Gradient,Mean Absolute Laplacian,5,True,0.0,0.0625,1.0,16.4,17.5,1.0,
single_accuracy_rank,Energy of Gradient,Mean Intensity,5,True,0.0,0.0625,1.0,21.2,18.0,1.0,
single_accuracy_rank,Energy of Gradient,Modified Tenengrad,5,True,0.0,0.25,1.0,-2.1,-1.5,-1.0,
single_accuracy_rank,Energy of Gradient,Normalized Variance,5,True,0.0,0.0625,1.0,12.2,10.0,1.0,
single_accuracy_rank,Energy of Gradient,Roberts Focus Measure,5,True,3.0,0.625,1.0,2.3,1.5,0.4,
single_accuracy_rank,Energy of Gradient,Spatial Frequency,5,True,4.5,0.625,1.0,2.5,5.5,0.4,
single_accuracy_rank,Energy of Gradient,Squared Gradient,5,True,0.0,0.25,1.0,-2.4,-3.0,-1.0,
single_accuracy_rank,Energy of Gradient,Sum Modified Laplacian,5,True,1.0,0.125,1.0,12.1,17.5,0.8666666666666667,
single_accuracy_rank,Energy of Gradient,Tenengrad,5,False,nan,nan,nan,0.0,0.0,nan,Too few non-zero paired differences for Wilcoxon.
single_accuracy_rank,Energy of Gradient,Variance of Gradient,5,True,2.0,0.375,1.0,1.9,1.5,0.6,
single_accuracy_rank,Energy of Gradient,Variance of Laplacian,5,True,1.0,0.125,1.0,12.9,16.5,0.8666666666666667,
single_accuracy_rank,Energy of Gradient,Wavelet Detail Energy (db1),5,True,0.0,0.125,1.0,9.6,8.5,1.0,
single_accuracy_rank,Energy of Gradient,Wavelet W1,5,True,0.0,0.125,1.0,9.6,8.5,1.0,
single_accuracy_rank,Energy of Gradient,Wavelet W2,5,True,0.0,0.125,1.0,9.6,8.5,1.0,
single_accuracy_rank,Energy of Gradient,Wavelet W3,5,True,0.0,0.125,1.0,9.6,8.5,1.0,
single_accuracy_rank,Fourier High Frequency Energy Ratio,Fourier Transform Sharpness Index,5,True,0.0,0.0625,1.0,-15.8,-17.5,-1.0,
single_accuracy_rank,Fourier High Frequency Energy Ratio,GLCM Contrast,5,True,4.5,0.625,1.0,1.5,1.5,0.4,
single_accuracy_rank,Fourier High Frequency Energy Ratio,Gradient Squared Energy,5,True,0.0,0.0625,1.0,-16.0,-16.5,-1.0,
single_accuracy_rank,Fourier High Frequency Energy Ratio,Histogram Entropy,5,True,3.0,0.3125,1.0,2.8,7.0,0.6,
single_accuracy_rank,Fourier High Frequency Energy Ratio,Image Power,5,True,3.0,0.3125,1.0,3.9,2.0,0.6,
single_accuracy_rank,Fourier High Frequency Energy Ratio,Intensity Range Index,5,True,6.0,0.8125,1.0,0.8,1.0,0.2,
single_accuracy_rank,Fourier High Frequency Energy Ratio,Intensity Skewness Index,5,True,0.0,0.0625,1.0,10.4,10.0,1.0,
single_accuracy_rank,Fourier High Frequency Energy Ratio,Intensity Variance,5,True,3.0,0.3125,1.0,-4.1,-2.5,-0.6,
single_accuracy_rank,Fourier High Frequency Energy Ratio,Laplacian Energy,5,True,5.0,0.625,1.0,-1.3,2.0,0.3333333333333333,
single_accuracy_rank,Fourier High Frequency Energy Ratio,Maximal Intensity,5,True,5.0,0.625,1.0,1.2,2.0,0.3333333333333333,
single_accuracy_rank,Fourier High Frequency Energy Ratio,Mean Absolute Laplacian,5,True,2.5,0.3125,1.0,2.8,4.0,0.6666666666666666,
single_accuracy_rank,Fourier High Frequency Energy Ratio,Mean Intensity,5,True,0.0,0.0625,1.0,7.6,6.0,1.0,
single_accuracy_rank,Fourier High Frequency Energy Ratio,Modified Tenengrad,5,True,0.0,0.0625,1.0,-15.7,-15.0,-1.0,
single_accuracy_rank,Fourier High Frequency Energy Ratio,Normalized Variance,5,True,7.0,1.0,1.0,-1.4,-2.0,-0.06666666666666667,
single_accuracy_rank,Fourier High Frequency Energy Ratio,Roberts Focus Measure,5,True,0.0,0.0625,1.0,-11.3,-11.0,-1.0,
single_accuracy_rank,Fourier High Frequency Energy Ratio,Spatial Frequency,5,True,0.0,0.0625,1.0,-11.1,-8.0,-1.0,
single_accuracy_rank,Fourier High Frequency Energy Ratio,Squared Gradient,5,True,0.0,0.0625,1.0,-16.0,-16.5,-1.0,
single_accuracy_rank,Fourier High Frequency Energy Ratio,Sum Modified Laplacian,5,True,6.0,0.8125,1.0,-1.5,4.0,0.2,
single_accuracy_rank,Fourier High Frequency Energy Ratio,Tenengrad,5,True,0.0,0.0625,1.0,-13.6,-12.5,-1.0,
single_accuracy_rank,Fourier High Frequency Energy Ratio,Variance of Gradient,5,True,0.0,0.0625,1.0,-11.7,-11.0,-1.0,
single_accuracy_rank,Fourier High Frequency Energy Ratio,Variance of Laplacian,5,True,5.0,0.625,1.0,-0.7,4.0,0.3333333333333333,
single_accuracy_rank,Fourier High Frequency Energy Ratio,Wavelet Detail Energy (db1),5,True,3.5,0.3125,1.0,-4.0,-4.0,-0.5333333333333333,
single_accuracy_rank,Fourier High Frequency Energy Ratio,Wavelet W1,5,True,3.5,0.3125,1.0,-4.0,-4.0,-0.5333333333333333,
single_accuracy_rank,Fourier High Frequency Energy Ratio,Wavelet W2,5,True,3.5,0.3125,1.0,-4.0,-4.0,-0.5333333333333333,
single_accuracy_rank,Fourier High Frequency Energy Ratio,Wavelet W3,5,True,3.5,0.3125,1.0,-4.0,-4.0,-0.5333333333333333,
single_accuracy_rank,Fourier Transform Sharpness Index,GLCM Contrast,5,True,0.0,0.0625,1.0,17.3,17.0,1.0,
single_accuracy_rank,Fourier Transform Sharpness Index,Gradient Squared Energy,5,True,5.0,1.0,1.0,-0.2,0.0,0.0,
single_accuracy_rank,Fourier Transform Sharpness Index,Histogram Entropy,5,True,0.0,0.0625,1.0,18.6,17.0,1.0,
single_accuracy_rank,Fourier Transform Sharpness Index,Image Power,5,True,0.0,0.0625,1.0,19.7,22.0,1.0,
single_accuracy_rank,Fourier Transform Sharpness Index,Intensity Range Index,5,True,0.0,0.0625,1.0,16.6,18.5,1.0,
single_accuracy_rank,Fourier Transform Sharpness Index,Intensity Skewness Index,5,True,0.0,0.0625,1.0,26.2,26.5,1.0,
single_accuracy_rank,Fourier Transform Sharpness Index,Intensity Variance,5,True,1.0,0.125,1.0,11.7,17.0,0.8666666666666667,
single_accuracy_rank,Fourier Transform Sharpness Index,Laplacian Energy,5,True,0.0,0.125,1.0,14.5,13.5,1.0,
single_accuracy_rank,Fourier Transform Sharpness Index,Maximal Intensity,5,True,0.0,0.0625,1.0,17.0,19.5,1.0,
single_accuracy_rank,Fourier Transform Sharpness Index,Mean Absolute Laplacian,5,True,0.0,0.0625,1.0,18.6,17.0,1.0,
single_accuracy_rank,Fourier Transform Sharpness Index,Mean Intensity,5,True,0.0,0.0625,1.0,23.4,24.0,1.0,
single_accuracy_rank,Fourier Transform Sharpness Index,Modified Tenengrad,5,True,5.0,1.0,1.0,0.1,0.0,0.0,
single_accuracy_rank,Fourier Transform Sharpness Index,Normalized Variance,5,True,0.0,0.0625,1.0,14.4,19.0,1.0,
single_accuracy_rank,Fourier Transform Sharpness Index,Roberts Focus Measure,5,True,1.0,0.25,1.0,4.5,6.5,0.8,
single_accuracy_rank,Fourier Transform Sharpness Index,Spatial Frequency,5,True,0.0,0.125,1.0,4.7,2.0,1.0,
single_accuracy_rank,Fourier Transform Sharpness Index,Squared Gradient,5,True,5.0,1.0,1.0,-0.2,0.0,0.0,
single_accuracy_rank,Fourier Transform Sharpness Index,Sum Modified Laplacian,5,True,0.0,0.125,1.0,14.3,14.0,1.0,
single_accuracy_rank,Fourier Transform Sharpness Index,Tenengrad,5,True,3.0,0.625,1.0,2.2,0.0,0.4,
single_accuracy_rank,Fourier Transform Sharpness Index,Variance of Gradient,5,True,2.0,0.375,1.0,4.1,1.0,0.6,
single_accuracy_rank,Fourier Transform Sharpness Index,Variance of Laplacian,5,True,0.0,0.125,1.0,15.1,13.5,1.0,
single_accuracy_rank,Fourier Transform Sharpness Index,Wavelet Detail Energy (db1),5,True,0.0,0.0625,1.0,11.8,11.5,1.0,
single_accuracy_rank,Fourier Transform Sharpness Index,Wavelet W1,5,True,0.0,0.0625,1.0,11.8,11.5,1.0,
single_accuracy_rank,Fourier Transform Sharpness Index,Wavelet W2,5,True,0.0,0.0625,1.0,11.8,11.5,1.0,
single_accuracy_rank,Fourier Transform Sharpness Index,Wavelet W3,5,True,0.0,0.0625,1.0,11.8,11.5,1.0,
single_accuracy_rank,GLCM Contrast,Gradient Squared Energy,5,True,0.0,0.0625,1.0,-17.5,-14.5,-1.0,
single_accuracy_rank,GLCM Contrast,Histogram Entropy,5,True,7.0,1.0,1.0,1.3,5.5,0.06666666666666667,
single_accuracy_rank,GLCM Contrast,Image Power,5,True,3.0,0.625,1.0,2.4,1.0,0.4,
single_accuracy_rank,GLCM Contrast,Intensity Range Index,5,True,7.0,1.0,1.0,-0.7,2.5,-0.06666666666666667,
single_accuracy_rank,GLCM Contrast,Intensity Skewness Index,5,True,0.0,0.0625,1.0,8.9,6.5,1.0,
single_accuracy_rank,GLCM Contrast,Intensity Variance,5,True,4.0,0.4375,1.0,-5.6,-3.5,-0.4666666666666667,
single_accuracy_rank,GLCM Contrast,Laplacian Energy,5,True,5.5,0.625,1.0,-2.8,-3.0,-0.26666666666666666,
single_accuracy_rank,GLCM Contrast,Maximal Intensity,5,True,7.0,1.0,1.0,-0.3,3.5,0.06666666666666667,
single_accuracy_rank,GLCM Contrast,Mean Absolute Laplacian,5,True,7.0,1.0,1.0,1.3,-1.0,0.06666666666666667,
single_accuracy_rank,GLCM Contrast,Mean Intensity,5,True,1.0,0.125,1.0,6.1,4.5,0.8666666666666667,
single_accuracy_rank,GLCM Contrast,Modified Tenengrad,5,True,0.0,0.0625,1.0,-17.2,-13.5,-1.0,
single_accuracy_rank,GLCM Contrast,Normalized Variance,5,True,5.0,0.625,1.0,-2.9,-3.5,-0.3333333333333333,
single_accuracy_rank,GLCM Contrast,Roberts Focus Measure,5,True,0.0,0.0625,1.0,-12.8,-13.5,-1.0,
single_accuracy_rank,GLCM Contrast,Spatial Frequency,5,True,0.0,0.0625,1.0,-12.6,-13.0,-1.0,
single_accuracy_rank,GLCM Contrast,Squared Gradient,5,True,0.0,0.0625,1.0,-17.5,-14.5,-1.0,
single_accuracy_rank,GLCM Contrast,Sum Modified Laplacian,5,True,6.0,0.8125,1.0,-3.0,-3.0,-0.2,
single_accuracy_rank,GLCM Contrast,Tenengrad,5,True,0.0,0.0625,1.0,-15.1,-13.5,-1.0,
single_accuracy_rank,GLCM Contrast,Variance of Gradient,5,True,0.0,0.0625,1.0,-13.2,-7.0,-1.0,
single_accuracy_rank,GLCM Contrast,Variance of Laplacian,5,True,7.0,1.0,1.0,-2.2,-3.0,-0.06666666666666667,
single_accuracy_rank,GLCM Contrast,Wavelet Detail Energy (db1),5,True,2.0,0.1875,1.0,-5.5,-3.0,-0.7333333333333333,
single_accuracy_rank,GLCM Contrast,Wavelet W1,5,True,2.0,0.1875,1.0,-5.5,-3.0,-0.7333333333333333,
single_accuracy_rank,GLCM Contrast,Wavelet W2,5,True,2.0,0.1875,1.0,-5.5,-3.0,-0.7333333333333333,
single_accuracy_rank,GLCM Contrast,Wavelet W3,5,True,2.0,0.1875,1.0,-5.5,-3.0,-0.7333333333333333,
single_accuracy_rank,Gradient Squared Energy,Histogram Entropy,5,True,0.0,0.0625,1.0,18.8,19.0,1.0,
single_accuracy_rank,Gradient Squared Energy,Image Power,5,True,0.0,0.0625,1.0,19.9,18.5,1.0,
single_accuracy_rank,Gradient Squared Energy,Intensity Range Index,5,True,0.0,0.0625,1.0,16.8,16.0,1.0,
single_accuracy_rank,Gradient Squared Energy,Intensity Skewness Index,5,True,0.0,0.0625,1.0,26.4,26.5,1.0,
single_accuracy_rank,Gradient Squared Energy,Intensity Variance,5,True,0.0,0.0625,1.0,11.9,10.0,1.0,
single_accuracy_rank,Gradient Squared Energy,Laplacian Energy,5,True,1.0,0.125,1.0,14.7,20.0,0.8666666666666667,
single_accuracy_rank,Gradient Squared Energy,Maximal Intensity,5,True,0.0,0.0625,1.0,17.2,17.5,1.0,
single_accuracy_rank,Gradient Squared Energy,Mean Absolute Laplacian,5,True,0.0,0.0625,1.0,18.8,21.5,1.0,
single_accuracy_rank,Gradient Squared Energy,Mean Intensity,5,True,0.0,0.0625,1.0,23.6,21.5,1.0,
single_accuracy_rank,Gradient Squared Energy,Modified Tenengrad,5,True,2.0,0.75,1.0,0.3,0.0,0.3333333333333333,
single_accuracy_rank,Gradient Squared Energy,Normalized Variance,5,True,0.0,0.0625,1.0,14.6,10.0,1.0,
single_accuracy_rank,Gradient Squared Energy,Roberts Focus Measure,5,True,1.0,0.25,1.0,4.7,4.5,0.8,
single_accuracy_rank,Gradient Squared Energy,Spatial Frequency,5,True,4.0,0.4375,1.0,4.9,8.5,0.4666666666666667,
single_accuracy_rank,Gradient Squared Energy,Squared Gradient,5,False,nan,nan,nan,0.0,0.0,nan,Too few non-zero paired differences for Wilcoxon.
single_accuracy_rank,Gradient Squared Energy,Sum Modified Laplacian,5,True,1.0,0.125,1.0,14.5,20.5,0.8666666666666667,
single_accuracy_rank,Gradient Squared Energy,Tenengrad,5,True,0.0,0.25,1.0,2.4,3.0,1.0,
single_accuracy_rank,Gradient Squared Energy,Variance of Gradient,5,True,0.0,0.125,1.0,4.3,5.5,1.0,
single_accuracy_rank,Gradient Squared Energy,Variance of Laplacian,5,True,1.0,0.125,1.0,15.3,20.0,0.8666666666666667,
single_accuracy_rank,Gradient Squared Energy,Wavelet Detail Energy (db1),5,True,0.0,0.125,1.0,12.0,11.5,1.0,
single_accuracy_rank,Gradient Squared Energy,Wavelet W1,5,True,0.0,0.125,1.0,12.0,11.5,1.0,
single_accuracy_rank,Gradient Squared Energy,Wavelet W2,5,True,0.0,0.125,1.0,12.0,11.5,1.0,
single_accuracy_rank,Gradient Squared Energy,Wavelet W3,5,True,0.0,0.125,1.0,12.0,11.5,1.0,
single_accuracy_rank,Histogram Entropy,Image Power,5,True,7.0,1.0,1.0,1.1,1.0,0.06666666666666667,
single_accuracy_rank,Histogram Entropy,Intensity Range Index,5,True,4.0,0.4375,1.0,-2.0,-1.0,-0.4666666666666667,
single_accuracy_rank,Histogram Entropy,Intensity Skewness Index,5,True,0.0,0.0625,1.0,7.6,6.0,1.0,
single_accuracy_rank,Histogram Entropy,Intensity Variance,5,True,1.0,0.125,1.0,-6.9,-9.0,-0.8666666666666667,
single_accuracy_rank,Histogram Entropy,Laplacian Energy,5,True,7.0,1.0,1.0,-4.1,-2.0,-0.06666666666666667,
single_accuracy_rank,Histogram Entropy,Maximal Intensity,5,True,4.0,0.4375,1.0,-1.6,-2.0,-0.4666666666666667,
single_accuracy_rank,Histogram Entropy,Mean Absolute Laplacian,5,True,7.0,1.0,1.0,0.0,-4.0,-0.06666666666666667,
single_accuracy_rank,Histogram Entropy,Mean Intensity,5,True,3.0,0.3125,1.0,4.8,7.0,0.6,
single_accuracy_rank,Histogram Entropy,Modified Tenengrad,5,True,0.0,0.0625,1.0,-18.5,-19.0,-1.0,
single_accuracy_rank,Histogram Entropy,Normalized Variance,5,True,2.0,0.1875,1.0,-4.2,-6.0,-0.7333333333333333,
single_accuracy_rank,Histogram Entropy,Roberts Focus Measure,5,True,1.0,0.125,1.0,-14.1,-19.0,-0.8666666666666667,
single_accuracy_rank,Histogram Entropy,Spatial Frequency,5,True,2.0,0.1875,1.0,-13.9,-15.0,-0.7333333333333333,
single_accuracy_rank,Histogram Entropy,Squared Gradient,5,True,0.0,0.0625,1.0,-18.8,-19.0,-1.0,
single_accuracy_rank,Histogram Entropy,Sum Modified Laplacian,5,True,7.0,1.0,1.0,-4.3,-3.0,-0.06666666666666667,
single_accuracy_rank,Histogram Entropy,Tenengrad,5,True,0.0,0.0625,1.0,-16.4,-19.0,-1.0,
single_accuracy_rank,Histogram Entropy,Variance of Gradient,5,True,0.0,0.0625,1.0,-14.5,-13.5,-1.0,
single_accuracy_rank,Histogram Entropy,Variance of Laplacian,5,True,7.0,1.0,1.0,-3.5,-1.0,-0.06666666666666667,
single_accuracy_rank,Histogram Entropy,Wavelet Detail Energy (db1),5,True,2.0,0.375,1.0,-6.8,-12.0,-0.6,
single_accuracy_rank,Histogram Entropy,Wavelet W1,5,True,2.0,0.375,1.0,-6.8,-12.0,-0.6,
single_accuracy_rank,Histogram Entropy,Wavelet W2,5,True,2.0,0.375,1.0,-6.8,-12.0,-0.6,
single_accuracy_rank,Histogram Entropy,Wavelet W3,5,True,2.0,0.375,1.0,-6.8,-12.0,-0.6,
single_accuracy_rank,Image Power,Intensity Range Index,5,True,2.0,0.1875,1.0,-3.1,-3.0,-0.7333333333333333,
single_accuracy_rank,Image Power,Intensity Skewness Index,5,True,0.0,0.0625,1.0,6.5,6.5,1.0,
single_accuracy_rank,Image Power,Intensity Variance,5,True,0.0,0.0625,1.0,-8.0,-4.5,-1.0,
single_accuracy_rank,Image Power,Laplacian Energy,5,True,5.0,0.625,1.0,-5.2,-4.0,-0.3333333333333333,
single_accuracy_rank,Image Power,Maximal Intensity,5,True,3.0,0.3125,1.0,-2.7,-3.0,-0.6,
single_accuracy_rank,Image Power,Mean Absolute Laplacian,5,True,6.0,0.8125,1.0,-1.1,-2.0,-0.2,
single_accuracy_rank,Image Power,Mean Intensity,5,True,0.0,0.0625,1.0,3.7,2.0,1.0,
single_accuracy_rank,Image Power,Modified Tenengrad,5,True,0.0,0.0625,1.0,-19.6,-17.0,-1.0,
single_accuracy_rank,Image Power,Normalized Variance,5,True,1.5,0.125,1.0,-5.3,-3.5,-0.8,
single_accuracy_rank,Image Power,Roberts Focus Measure,5,True,1.0,0.125,1.0,-15.2,-19.0,-0.8666666666666667,
single_accuracy_rank,Image Power,Spatial Frequency,5,True,1.0,0.125,1.0,-15.0,-20.0,-0.8666666666666667,
single_accuracy_rank,Image Power,Squared Gradient,5,True,0.0,0.0625,1.0,-19.9,-18.5,-1.0,
single_accuracy_rank,Image Power,Sum Modified Laplacian,5,True,3.5,0.3125,1.0,-5.4,-4.0,-0.5333333333333333,
single_accuracy_rank,Image Power,Tenengrad,5,True,0.0,0.0625,1.0,-17.5,-14.5,-1.0,
single_accuracy_rank,Image Power,Variance of Gradient,5,True,0.0,0.0625,1.0,-15.6,-13.0,-1.0,
single_accuracy_rank,Image Power,Variance of Laplacian,5,True,5.0,0.625,1.0,-4.6,-4.0,-0.3333333333333333,
single_accuracy_rank,Image Power,Wavelet Detail Energy (db1),5,True,3.0,0.3125,1.0,-7.9,-12.0,-0.6,
single_accuracy_rank,Image Power,Wavelet W1,5,True,3.0,0.3125,1.0,-7.9,-12.0,-0.6,
single_accuracy_rank,Image Power,Wavelet W2,5,True,3.0,0.3125,1.0,-7.9,-12.0,-0.6,
single_accuracy_rank,Image Power,Wavelet W3,5,True,3.0,0.3125,1.0,-7.9,-12.0,-0.6,
single_accuracy_rank,Intensity Range Index,Intensity Skewness Index,5,True,0.0,0.0625,1.0,9.6,8.0,1.0,
single_accuracy_rank,Intensity Range Index,Intensity Variance,5,True,2.0,0.1875,1.0,-4.9,-6.0,-0.7333333333333333,
single_accuracy_rank,Intensity Range Index,Laplacian Energy,5,True,7.0,1.0,1.0,-2.1,3.0,0.06666666666666667,
single_accuracy_rank,Intensity Range Index,Maximal Intensity,5,True,5.0,0.625,1.0,0.4,1.0,0.3333333333333333,
single_accuracy_rank,Intensity Range Index,Mean Absolute Laplacian,5,True,5.0,0.625,1.0,2.0,5.0,0.3333333333333333,
single_accuracy_rank,Intensity Range Index,Mean Intensity,5,True,0.0,0.0625,1.0,6.8,8.0,1.0,
single_accuracy_rank,Intensity Range Index,Modified Tenengrad,5,True,0.0,0.0625,1.0,-16.5,-16.0,-1.0,
single_accuracy_rank,Intensity Range Index,Normalized Variance,5,True,5.0,0.625,1.0,-2.2,-2.0,-0.3333333333333333,
single_accuracy_rank,Intensity Range Index,Roberts Focus Measure,5,True,1.0,0.125,1.0,-12.1,-16.0,-0.8666666666666667,
single_accuracy_rank,Intensity Range Index,Spatial Frequency,5,True,1.0,0.125,1.0,-11.9,-14.0,-0.8666666666666667,
single_accuracy_rank,Intensity Range Index,Squared Gradient,5,True,0.0,0.0625,1.0,-16.8,-16.0,-1.0,
single_accuracy_rank,Intensity Range Index,Sum Modified Laplacian,5,True,6.0,0.8125,1.0,-2.3,3.0,0.2,
single_accuracy_rank,Intensity Range Index,Tenengrad,5,True,0.0,0.0625,1.0,-14.4,-16.0,-1.0,
single_accuracy_rank,Intensity Range Index,Variance of Gradient,5,True,0.0,0.0625,1.0,-12.5,-10.0,-1.0,
single_accuracy_rank,Intensity Range Index,Variance of Laplacian,5,True,6.5,1.0,1.0,-1.5,3.0,0.13333333333333333,
single_accuracy_rank,Intensity Range Index,Wavelet Detail Energy (db1),5,True,4.0,0.4375,1.0,-4.8,-7.0,-0.4666666666666667,
single_accuracy_rank,Intensity Range Index,Wavelet W1,5,True,4.0,0.4375,1.0,-4.8,-7.0,-0.4666666666666667,
single_accuracy_rank,Intensity Range Index,Wavelet W2,5,True,4.0,0.4375,1.0,-4.8,-7.0,-0.4666666666666667,
single_accuracy_rank,Intensity Range Index,Wavelet W3,5,True,4.0,0.4375,1.0,-4.8,-7.0,-0.4666666666666667,
single_accuracy_rank,Intensity Skewness Index,Intensity Variance,5,True,0.0,0.0625,1.0,-14.5,-12.5,-1.0,
single_accuracy_rank,Intensity Skewness Index,Laplacian Energy,5,True,0.0,0.0625,1.0,-11.7,-9.5,-1.0,
single_accuracy_rank,Intensity Skewness Index,Maximal Intensity,5,True,0.0,0.0625,1.0,-9.2,-8.0,-1.0,
single_accuracy_rank,Intensity Skewness Index,Mean Absolute Laplacian,5,True,0.0,0.0625,1.0,-7.6,-7.0,-1.0,
single_accuracy_rank,Intensity Skewness Index,Mean Intensity,5,True,3.0,0.3125,1.0,-2.8,-2.0,-0.6,
single_accuracy_rank,Intensity Skewness Index,Modified Tenengrad,5,True,0.0,0.0625,1.0,-26.1,-26.5,-1.0,
single_accuracy_rank,Intensity Skewness Index,Normalized Variance,5,True,0.0,0.0625,1.0,-11.8,-10.0,-1.0,
single_accuracy_rank,Intensity Skewness Index,Roberts Focus Measure,5,True,0.0,0.0625,1.0,-21.7,-20.0,-1.0,
single_accuracy_rank,Intensity Skewness Index,Spatial Frequency,5,True,0.0,0.0625,1.0,-21.5,-21.0,-1.0,
single_accuracy_rank,Intensity Skewness Index,Squared Gradient,5,True,0.0,0.0625,1.0,-26.4,-26.5,-1.0,
single_accuracy_rank,Intensity Skewness Index,Sum Modified Laplacian,5,True,0.0,0.0625,1.0,-11.9,-9.0,-1.0,
single_accuracy_rank,Intensity Skewness Index,Tenengrad,5,True,0.0,0.0625,1.0,-24.0,-24.5,-1.0,
single_accuracy_rank,Intensity Skewness Index,Variance of Gradient,5,True,0.0,0.0625,1.0,-22.1,-22.0,-1.0,
single_accuracy_rank,Intensity Skewness Index,Variance of Laplacian,5,True,0.0,0.0625,1.0,-11.1,-9.5,-1.0,
single_accuracy_rank,Intensity Skewness Index,Wavelet Detail Energy (db1),5,True,0.0,0.0625,1.0,-14.4,-18.0,-1.0,
single_accuracy_rank,Intensity Skewness Index,Wavelet W1,5,True,0.0,0.0625,1.0,-14.4,-18.0,-1.0,
single_accuracy_rank,Intensity Skewness Index,Wavelet W2,5,True,0.0,0.0625,1.0,-14.4,-18.0,-1.0,
single_accuracy_rank,Intensity Skewness Index,Wavelet W3,5,True,0.0,0.0625,1.0,-14.4,-18.0,-1.0,
single_accuracy_rank,Intensity Variance,Laplacian Energy,5,True,6.0,0.8125,1.0,2.8,9.5,0.2,
single_accuracy_rank,Intensity Variance,Maximal Intensity,5,True,2.0,0.1875,1.0,5.3,7.0,0.7333333333333333,
single_accuracy_rank,Intensity Variance,Mean Absolute Laplacian,5,True,3.5,0.4375,1.0,6.9,7.5,0.5333333333333333,
single_accuracy_rank,Intensity Variance,Mean Intensity,5,True,0.0,0.0625,1.0,11.7,8.0,1.0,
single_accuracy_rank,Intensity Variance,Modified Tenengrad,5,True,0.0,0.0625,1.0,-11.6,-10.0,-1.0,
single_accuracy_rank,Intensity Variance,Normalized Variance,5,True,0.0,0.25,1.0,2.7,1.5,1.0,
single_accuracy_rank,Intensity Variance,Roberts Focus Measure,5,True,2.0,0.375,1.0,-7.2,-10.0,-0.6,
single_accuracy_rank,Intensity Variance,Spatial Frequency,5,True,3.0,0.3125,1.0,-7.0,-15.5,-0.6,
single_accuracy_rank,Intensity Variance,Squared Gradient,5,True,0.0,0.0625,1.0,-11.9,-10.0,-1.0,
single_accuracy_rank,Intensity Variance,Sum Modified Laplacian,5,True,6.0,0.8125,1.0,2.6,8.5,0.2,
single_accuracy_rank,Intensity Variance,Tenengrad,5,True,1.0,0.125,1.0,-9.5,-10.0,-0.8666666666666667,
single_accuracy_rank,Intensity Variance,Variance of Gradient,5,True,0.0,0.0625,1.0,-7.6,-6.5,-1.0,
single_accuracy_rank,Intensity Variance,Variance of Laplacian,5,True,6.0,0.8125,1.0,3.4,10.5,0.2,
single_accuracy_rank,Intensity Variance,Wavelet Detail Energy (db1),5,True,7.0,1.0,1.0,0.1,-5.5,-0.06666666666666667,
single_accuracy_rank,Intensity Variance,Wavelet W1,5,True,7.0,1.0,1.0,0.1,-5.5,-0.06666666666666667,
single_accuracy_rank,Intensity Variance,Wavelet W2,5,True,7.0,1.0,1.0,0.1,-5.5,-0.06666666666666667,
single_accuracy_rank,Intensity Variance,Wavelet W3,5,True,7.0,1.0,1.0,0.1,-5.5,-0.06666666666666667,
single_accuracy_rank,Laplacian Energy,Maximal Intensity,5,True,7.0,1.0,1.0,2.5,-2.0,-0.06666666666666667,
single_accuracy_rank,Laplacian Energy,Mean Absolute Laplacian,5,True,2.5,0.3125,1.0,4.1,2.0,0.6666666666666666,
single_accuracy_rank,Laplacian Energy,Mean Intensity,5,True,2.0,0.1875,1.0,8.9,6.0,0.7333333333333333,
single_accuracy_rank,Laplacian Energy,Modified Tenengrad,5,True,1.0,0.125,1.0,-14.4,-21.5,-0.8666666666666667,
single_accuracy_rank,Laplacian Energy,Normalized Variance,5,True,7.0,1.0,1.0,-0.1,-4.0,-0.06666666666666667,
single_accuracy_rank,Laplacian Energy,Roberts Focus Measure,5,True,2.0,0.1875,1.0,-10.0,-13.0,-0.7333333333333333,
single_accuracy_rank,Laplacian Energy,Spatial Frequency,5,True,0.0,0.125,1.0,-9.8,-9.0,-1.0,
single_accuracy_rank,Laplacian Energy,Squared Gradient,5,True,1.0,0.125,1.0,-14.7,-20.0,-0.8666666666666667,
single_accuracy_rank,Laplacian Energy,Sum Modified Laplacian,5,True,2.5,0.75,1.0,-0.2,0.0,-0.16666666666666666,
single_accuracy_rank,Laplacian Energy,Tenengrad,5,True,1.0,0.125,1.0,-12.3,-15.0,-0.8666666666666667,
single_accuracy_rank,Laplacian Energy,Variance of Gradient,5,True,2.0,0.1875,1.0,-10.4,-18.0,-0.7333333333333333,
single_accuracy_rank,Laplacian Energy,Variance of Laplacian,5,False,nan,nan,nan,0.6,0.0,1.0,Too few non-zero paired differences for Wilcoxon.
single_accuracy_rank,Laplacian Energy,Wavelet Detail Energy (db1),5,True,6.0,0.8125,1.0,-2.7,-6.0,-0.2,
single_accuracy_rank,Laplacian Energy,Wavelet W1,5,True,6.0,0.8125,1.0,-2.7,-6.0,-0.2,
single_accuracy_rank,Laplacian Energy,Wavelet W2,5,True,6.0,0.8125,1.0,-2.7,-6.0,-0.2,
single_accuracy_rank,Laplacian Energy,Wavelet W3,5,True,6.0,0.8125,1.0,-2.7,-6.0,-0.2,
single_accuracy_rank,Maximal Intensity,Mean Absolute Laplacian,5,True,5.0,0.625,1.0,1.6,4.0,0.3333333333333333,
single_accuracy_rank,Maximal Intensity,Mean Intensity,5,True,0.0,0.0625,1.0,6.4,8.0,1.0,
single_accuracy_rank,Maximal Intensity,Modified Tenengrad,5,True,0.0,0.0625,1.0,-16.9,-17.0,-1.0,
single_accuracy_rank,Maximal Intensity,Normalized Variance,5,True,5.0,0.625,1.0,-2.6,-1.0,-0.3333333333333333,
single_accuracy_rank,Maximal Intensity,Roberts Focus Measure,5,True,1.0,0.125,1.0,-12.5,-17.0,-0.8666666666666667,
single_accuracy_rank,Maximal Intensity,Spatial Frequency,5,True,1.0,0.125,1.0,-12.3,-13.0,-0.8666666666666667,
single_accuracy_rank,Maximal Intensity,Squared Gradient,5,True,0.0,0.0625,1.0,-17.2,-17.5,-1.0,
single_accuracy_rank,Maximal Intensity,Sum Modified Laplacian,5,True,6.0,0.8125,1.0,-2.7,2.0,0.2,
single_accuracy_rank,Maximal Intensity,Tenengrad,5,True,0.0,0.0625,1.0,-14.8,-17.0,-1.0,
single_accuracy_rank,Maximal Intensity,Variance of Gradient,5,True,0.0,0.0625,1.0,-12.9,-12.0,-1.0,
single_accuracy_rank,Maximal Intensity,Variance of Laplacian,5,True,6.5,1.0,1.0,-1.9,2.0,0.13333333333333333,
single_accuracy_rank,Maximal Intensity,Wavelet Detail Energy (db1),5,True,4.0,0.4375,1.0,-5.2,-9.0,-0.4666666666666667,
single_accuracy_rank,Maximal Intensity,Wavelet W1,5,True,4.0,0.4375,1.0,-5.2,-9.0,-0.4666666666666667,
single_accuracy_rank,Maximal Intensity,Wavelet W2,5,True,4.0,0.4375,1.0,-5.2,-9.0,-0.4666666666666667,
single_accuracy_rank,Maximal Intensity,Wavelet W3,5,True,4.0,0.4375,1.0,-5.2,-9.0,-0.4666666666666667,
single_accuracy_rank,Mean Absolute Laplacian,Mean Intensity,5,True,3.0,0.3125,1.0,4.8,4.0,0.6,
single_accuracy_rank,Mean Absolute Laplacian,Modified Tenengrad,5,True,0.0,0.0625,1.0,-18.5,-20.0,-1.0,
single_accuracy_rank,Mean Absolute Laplacian,Normalized Variance,5,True,4.5,0.4375,1.0,-4.2,-2.0,-0.4,
single_accuracy_rank,Mean Absolute Laplacian,Roberts Focus Measure,5,True,0.0,0.0625,1.0,-14.1,-14.0,-1.0,
single_accuracy_rank,Mean Absolute Laplacian,Spatial Frequency,5,True,0.0,0.0625,1.0,-13.9,-14.0,-1.0,
single_accuracy_rank,Mean Absolute Laplacian,Squared Gradient,5,True,0.0,0.0625,1.0,-18.8,-21.5,-1.0,
single_accuracy_rank,Mean Absolute Laplacian,Sum Modified Laplacian,5,True,3.5,0.3125,1.0,-4.3,-2.0,-0.5333333333333333,
single_accuracy_rank,Mean Absolute Laplacian,Tenengrad,5,True,0.0,0.0625,1.0,-16.4,-17.5,-1.0,
single_accuracy_rank,Mean Absolute Laplacian,Variance of Gradient,5,True,0.0,0.0625,1.0,-14.5,-16.0,-1.0,
single_accuracy_rank,Mean Absolute Laplacian,Variance of Laplacian,5,True,5.0,0.625,1.0,-3.5,-2.0,-0.3333333333333333,
single_accuracy_rank,Mean Absolute Laplacian,Wavelet Detail Energy (db1),5,True,1.0,0.125,1.0,-6.8,-8.0,-0.8666666666666667,
single_accuracy_rank,Mean Absolute Laplacian,Wavelet W1,5,True,1.0,0.125,1.0,-6.8,-8.0,-0.8666666666666667,
single_accuracy_rank,Mean Absolute Laplacian,Wavelet W2,5,True,1.0,0.125,1.0,-6.8,-8.0,-0.8666666666666667,
single_accuracy_rank,Mean Absolute Laplacian,Wavelet W3,5,True,1.0,0.125,1.0,-6.8,-8.0,-0.8666666666666667,
single_accuracy_rank,Mean Intensity,Modified Tenengrad,5,True,0.0,0.0625,1.0,-23.3,-23.0,-1.0,
single_accuracy_rank,Mean Intensity,Normalized Variance,5,True,0.0,0.0625,1.0,-9.0,-8.0,-1.0,
single_accuracy_rank,Mean Intensity,Roberts Focus Measure,5,True,0.0,0.0625,1.0,-18.9,-21.0,-1.0,
single_accuracy_rank,Mean Intensity,Spatial Frequency,5,True,0.0,0.0625,1.0,-18.7,-22.0,-1.0,
single_accuracy_rank,Mean Intensity,Squared Gradient,5,True,0.0,0.0625,1.0,-23.6,-21.5,-1.0,
single_accuracy_rank,Mean Intensity,Sum Modified Laplacian,5,True,1.0,0.125,1.0,-9.1,-6.0,-0.8666666666666667,
single_accuracy_rank,Mean Intensity,Tenengrad,5,True,0.0,0.0625,1.0,-21.2,-18.0,-1.0,
single_accuracy_rank,Mean Intensity,Variance of Gradient,5,True,0.0,0.0625,1.0,-19.3,-20.0,-1.0,
single_accuracy_rank,Mean Intensity,Variance of Laplacian,5,True,2.0,0.1875,1.0,-8.3,-6.0,-0.7333333333333333,
single_accuracy_rank,Mean Intensity,Wavelet Detail Energy (db1),5,True,1.0,0.125,1.0,-11.6,-14.0,-0.8666666666666667,
single_accuracy_rank,Mean Intensity,Wavelet W1,5,True,1.0,0.125,1.0,-11.6,-14.0,-0.8666666666666667,
single_accuracy_rank,Mean Intensity,Wavelet W2,5,True,1.0,0.125,1.0,-11.6,-14.0,-0.8666666666666667,
single_accuracy_rank,Mean Intensity,Wavelet W3,5,True,1.0,0.125,1.0,-11.6,-14.0,-0.8666666666666667,
single_accuracy_rank,Modified Tenengrad,Normalized Variance,5,True,0.0,0.0625,1.0,14.3,11.0,1.0,
single_accuracy_rank,Modified Tenengrad,Roberts Focus Measure,5,True,2.0,0.375,1.0,4.4,3.0,0.6,
single_accuracy_rank,Modified Tenengrad,Spatial Frequency,5,True,4.0,0.4375,1.0,4.6,7.0,0.4666666666666667,
single_accuracy_rank,Modified Tenengrad,Squared Gradient,5,True,2.0,0.75,1.0,-0.3,0.0,-0.3333333333333333,
single_accuracy_rank,Modified Tenengrad,Sum Modified Laplacian,5,True,1.0,0.125,1.0,14.2,19.0,0.8666666666666667,
single_accuracy_rank,Modified Tenengrad,Tenengrad,5,True,0.0,0.25,1.0,2.1,1.5,1.0,
single_accuracy_rank,Modified Tenengrad,Variance of Gradient,5,True,0.0,0.125,1.0,4.0,4.0,1.0,
single_accuracy_rank,Modified Tenengrad,Variance of Laplacian,5,True,1.0,0.125,1.0,15.0,21.5,0.8666666666666667,
single_accuracy_rank,Modified Tenengrad,Wavelet Detail Energy (db1),5,True,0.0,0.125,1.0,11.7,10.0,1.0,
single_accuracy_rank,Modified Tenengrad,Wavelet W1,5,True,0.0,0.125,1.0,11.7,10.0,1.0,
single_accuracy_rank,Modified Tenengrad,Wavelet W2,5,True,0.0,0.125,1.0,11.7,10.0,1.0,
single_accuracy_rank,Modified Tenengrad,Wavelet W3,5,True,0.0,0.125,1.0,11.7,10.0,1.0,
single_accuracy_rank,Normalized Variance,Roberts Focus Measure,5,True,1.0,0.25,1.0,-9.9,-10.0,-0.8,
single_accuracy_rank,Normalized Variance,Spatial Frequency,5,True,3.0,0.3125,1.0,-9.7,-19.0,-0.6,
single_accuracy_rank,Normalized Variance,Squared Gradient,5,True,0.0,0.0625,1.0,-14.6,-10.0,-1.0,
single_accuracy_rank,Normalized Variance,Sum Modified Laplacian,5,True,7.0,1.0,1.0,-0.1,3.0,0.06666666666666667,
single_accuracy_rank,Normalized Variance,Tenengrad,5,True,0.0,0.0625,1.0,-12.2,-10.0,-1.0,
single_accuracy_rank,Normalized Variance,Variance of Gradient,5,True,0.0,0.0625,1.0,-10.3,-8.0,-1.0,
single_accuracy_rank,Normalized Variance,Variance of Laplacian,5,True,7.0,1.0,1.0,0.7,5.0,0.06666666666666667,
single_accuracy_rank,Normalized Variance,Wavelet Detail Energy (db1),5,True,6.0,0.8125,1.0,-2.6,-10.0,-0.2,
single_accuracy_rank,Normalized Variance,Wavelet W1,5,True,6.0,0.8125,1.0,-2.6,-10.0,-0.2,
single_accuracy_rank,Normalized Variance,Wavelet W2,5,True,6.0,0.8125,1.0,-2.6,-10.0,-0.2,
single_accuracy_rank,Normalized Variance,Wavelet W3,5,True,6.0,0.8125,1.0,-2.6,-10.0,-0.2,
single_accuracy_rank,Roberts Focus Measure,Spatial Frequency,5,True,5.0,0.625,1.0,0.2,1.5,0.3333333333333333,
single_accuracy_rank,Roberts Focus Measure,Squared Gradient,5,True,1.0,0.25,1.0,-4.7,-4.5,-0.8,
single_accuracy_rank,Roberts Focus Measure,Sum Modified Laplacian,5,True,2.0,0.1875,1.0,9.8,15.0,0.7333333333333333,
single_accuracy_rank,Roberts Focus Measure,Tenengrad,5,True,3.0,0.625,1.0,-2.3,-1.5,-0.4,
single_accuracy_rank,Roberts Focus Measure,Variance of Gradient,5,True,7.0,1.0,1.0,-0.4,3.0,0.06666666666666667,
single_accuracy_rank,Roberts Focus Measure,Variance of Laplacian,5,True,2.0,0.1875,1.0,10.6,15.0,0.7333333333333333,
single_accuracy_rank,Roberts Focus Measure,Wavelet Detail Energy (db1),5,True,0.0,0.125,1.0,7.3,7.0,1.0,
single_accuracy_rank,Roberts Focus Measure,Wavelet W1,5,True,0.0,0.125,1.0,7.3,7.0,1.0,
single_accuracy_rank,Roberts Focus Measure,Wavelet W2,5,True,0.0,0.125,1.0,7.3,7.0,1.0,
single_accuracy_rank,Roberts Focus Measure,Wavelet W3,5,True,0.0,0.125,1.0,7.3,7.0,1.0,
single_accuracy_rank,Spatial Frequency,Squared Gradient,5,True,4.0,0.4375,1.0,-4.9,-8.5,-0.4666666666666667,
single_accuracy_rank,Spatial Frequency,Sum Modified Laplacian,5,True,0.0,0.25,1.0,9.6,12.0,1.0,
single_accuracy_rank,Spatial Frequency,Tenengrad,5,True,4.5,0.4375,1.0,-2.5,-5.5,-0.4,
single_accuracy_rank,Spatial Frequency,Variance of Gradient,5,True,7.0,1.0,1.0,-0.6,-1.0,-0.06666666666666667,
single_accuracy_rank,Spatial Frequency,Variance of Laplacian,5,True,0.0,0.125,1.0,10.4,11.0,1.0,
single_accuracy_rank,Spatial Frequency,Wavelet Detail Energy (db1),5,True,0.0,0.0625,1.0,7.1,9.0,1.0,
single_accuracy_rank,Spatial Frequency,Wavelet W1,5,True,0.0,0.0625,1.0,7.1,9.0,1.0,
single_accuracy_rank,Spatial Frequency,Wavelet W2,5,True,0.0,0.0625,1.0,7.1,9.0,1.0,
single_accuracy_rank,Spatial Frequency,Wavelet W3,5,True,0.0,0.0625,1.0,7.1,9.0,1.0,
single_accuracy_rank,Squared Gradient,Sum Modified Laplacian,5,True,1.0,0.125,1.0,14.5,20.5,0.8666666666666667,
single_accuracy_rank,Squared Gradient,Tenengrad,5,True,0.0,0.25,1.0,2.4,3.0,1.0,
single_accuracy_rank,Squared Gradient,Variance of Gradient,5,True,0.0,0.125,1.0,4.3,5.5,1.0,
single_accuracy_rank,Squared Gradient,Variance of Laplacian,5,True,1.0,0.125,1.0,15.3,20.0,0.8666666666666667,
single_accuracy_rank,Squared Gradient,Wavelet Detail Energy (db1),5,True,0.0,0.125,1.0,12.0,11.5,1.0,
single_accuracy_rank,Squared Gradient,Wavelet W1,5,True,0.0,0.125,1.0,12.0,11.5,1.0,
single_accuracy_rank,Squared Gradient,Wavelet W2,5,True,0.0,0.125,1.0,12.0,11.5,1.0,
single_accuracy_rank,Squared Gradient,Wavelet W3,5,True,0.0,0.125,1.0,12.0,11.5,1.0,
single_accuracy_rank,Sum Modified Laplacian,Tenengrad,5,True,1.0,0.125,1.0,-12.1,-17.5,-0.8666666666666667,
single_accuracy_rank,Sum Modified Laplacian,Variance of Gradient,5,True,3.0,0.3125,1.0,-10.2,-15.5,-0.6,
single_accuracy_rank,Sum Modified Laplacian,Variance of Laplacian,5,True,1.0,0.5,1.0,0.8,0.0,0.6666666666666666,
single_accuracy_rank,Sum Modified Laplacian,Wavelet Detail Energy (db1),5,True,6.5,0.8125,1.0,-2.5,-8.0,-0.13333333333333333,
single_accuracy_rank,Sum Modified Laplacian,Wavelet W1,5,True,6.5,0.8125,1.0,-2.5,-8.0,-0.13333333333333333,
single_accuracy_rank,Sum Modified Laplacian,Wavelet W2,5,True,6.5,0.8125,1.0,-2.5,-8.0,-0.13333333333333333,
single_accuracy_rank,Sum Modified Laplacian,Wavelet W3,5,True,6.5,0.8125,1.0,-2.5,-8.0,-0.13333333333333333,
single_accuracy_rank,Tenengrad,Variance of Gradient,5,True,2.0,0.375,1.0,1.9,1.5,0.6,
single_accuracy_rank,Tenengrad,Variance of Laplacian,5,True,1.0,0.125,1.0,12.9,16.5,0.8666666666666667,
single_accuracy_rank,Tenengrad,Wavelet Detail Energy (db1),5,True,0.0,0.125,1.0,9.6,8.5,1.0,
single_accuracy_rank,Tenengrad,Wavelet W1,5,True,0.0,0.125,1.0,9.6,8.5,1.0,
single_accuracy_rank,Tenengrad,Wavelet W2,5,True,0.0,0.125,1.0,9.6,8.5,1.0,
single_accuracy_rank,Tenengrad,Wavelet W3,5,True,0.0,0.125,1.0,9.6,8.5,1.0,
single_accuracy_rank,Variance of Gradient,Variance of Laplacian,5,True,2.0,0.1875,1.0,11.0,18.5,0.7333333333333333,
single_accuracy_rank,Variance of Gradient,Wavelet Detail Energy (db1),5,True,3.0,0.3125,1.0,7.7,4.0,0.6,
single_accuracy_rank,Variance of Gradient,Wavelet W1,5,True,3.0,0.3125,1.0,7.7,4.0,0.6,
single_accuracy_rank,Variance of Gradient,Wavelet W2,5,True,3.0,0.3125,1.0,7.7,4.0,0.6,
single_accuracy_rank,Variance of Gradient,Wavelet W3,5,True,3.0,0.3125,1.0,7.7,4.0,0.6,
single_accuracy_rank,Variance of Laplacian,Wavelet Detail Energy (db1),5,True,5.0,0.625,1.0,-3.3,-8.0,-0.3333333333333333,
single_accuracy_rank,Variance of Laplacian,Wavelet W1,5,True,5.0,0.625,1.0,-3.3,-8.0,-0.3333333333333333,
single_accuracy_rank,Variance of Laplacian,Wavelet W2,5,True,5.0,0.625,1.0,-3.3,-8.0,-0.3333333333333333,
single_accuracy_rank,Variance of Laplacian,Wavelet W3,5,True,5.0,0.625,1.0,-3.3,-8.0,-0.3333333333333333,
single_accuracy_rank,Wavelet Detail Energy (db1),Wavelet W1,5,False,nan,nan,nan,0.0,0.0,nan,Too few non-zero paired differences for Wilcoxon.
single_accuracy_rank,Wavelet Detail Energy (db1),Wavelet W2,5,False,nan,nan,nan,0.0,0.0,nan,Too few non-zero paired differences for Wilcoxon.
single_accuracy_rank,Wavelet Detail Energy (db1),Wavelet W3,5,False,nan,nan,nan,0.0,0.0,nan,Too few non-zero paired differences for Wilcoxon.
single_accuracy_rank,Wavelet W1,Wavelet W2,5,False,nan,nan,nan,0.0,0.0,nan,Too few non-zero paired differences for Wilcoxon.
single_accuracy_rank,Wavelet W1,Wavelet W3,5,False,nan,nan,nan,0.0,0.0,nan,Too few non-zero paired differences for Wilcoxon.
single_accuracy_rank,Wavelet W2,Wavelet W3,5,False,nan,nan,nan,0.0,0.0,nan,Too few non-zero paired differences for Wilcoxon.
